cell_id,lon_min,lon_max,lat_min,lat_max,center_lon,center_lat,active_bbox_intersections,lapsed_bbox_intersections,lapsed_ids,lapsed_owners,mdi_count,uranium_mdi_count,gold_mdi_count,ree_thorium_mdi_count,base_metal_mdi_count,mdi_names,drillhole_count,rock_sample_count,nearest_anchor,nearest_anchor_km,score,status_note
PLC-184,-109.6,-109.5,57.85,57.9,-109.55,57.875,12,0,,,6,4,1,8,9,4761:Drill hole BR2-6;4765:Drill hole BR-10A;4766:Drill hole BR-14;4767:Drill hole BR-17;4768:Drill hole BR-18;4769:Drill hole BR-21,19,0,JR Zone,5.3,48.97,"Intersects active disposition bbox; only boundary slivers may be open, if any."
PLC-001,-109.9,-109.8,57.25,57.3,-109.85,57.275,0,0,,,0,0,0,0,0,,2,0,Triple R,50,48.79,No active disposition bbox intersection in this screening grid; verify in MARS before staking.
PLC-234,-109.1,-109,58,58.05,-109.05,58.025,0,0,,,0,0,0,0,0,,2,0,JR Zone,35.4,48.79,No active disposition bbox intersection in this screening grid; verify in MARS before staking.
PLC-026,-108.9,-108.8,57.3,57.35,-108.85,57.325,0,0,,,0,0,0,0,0,,0,8,Spitfire,45.3,48,No active disposition bbox intersection in this screening grid; verify in MARS before staking.
PLC-027,-108.8,-108.7,57.3,57.35,-108.75,57.325,0,0,,,0,0,0,0,0,,0,5,Spitfire,48.1,48,No active disposition bbox intersection in this screening grid; verify in MARS before staking.
PLC-169,-109.6,-109.5,57.8,57.85,-109.55,57.825,9,0,,,7,4,0,5,21,4743:Drill holes PL0703 & PLN14-011;5268:Drill hole GL-10-10;5848:Drill holes PLN14-010 & PLN14-016;5849:Drill hole PLN14-017;5850:Drill holes PLN14-018 & PLN14-019;5851:Drill hole PLN14-020;5991:JR Zone Uranium Mineralization,28,1,JR Zone,1.6,43,"Intersects active disposition bbox; only boundary slivers may be open, if any."
PLC-010,-109,-108.9,57.25,57.3,-108.95,57.275,0,0,,,0,0,0,0,0,,0,0,Triple R,47.5,40,No active disposition bbox intersection in this screening grid; verify in MARS before staking.
PLC-011,-108.9,-108.8,57.25,57.3,-108.85,57.275,0,0,,,0,0,0,0,0,,0,0,Arrow,50.3,40,No active disposition bbox intersection in this screening grid; verify in MARS before staking.
PLC-012,-108.8,-108.7,57.25,57.3,-108.75,57.275,0,0,,,0,0,0,0,0,,0,0,Spitfire,52.9,40,No active disposition bbox intersection in this screening grid; verify in MARS before staking.
PLC-013,-108.7,-108.6,57.25,57.3,-108.65,57.275,0,0,,,0,0,0,0,0,,0,0,Spitfire,56,40,No active disposition bbox intersection in this screening grid; verify in MARS before staking.
PLC-014,-108.6,-108.5,57.25,57.3,-108.55,57.275,0,0,,,0,0,0,0,0,,0,0,Spitfire,59.6,40,No active disposition bbox intersection in this screening grid; verify in MARS before staking.
PLC-015,-108.5,-108.45,57.25,57.3,-108.475,57.275,0,0,,,0,0,0,0,0,,0,0,Spitfire,62.5,40,No active disposition bbox intersection in this screening grid; verify in MARS before staking.
PLC-016,-109.9,-109.8,57.3,57.35,-109.85,57.325,0,0,,,0,0,0,0,0,,0,0,Triple R,45.6,40,No active disposition bbox intersection in this screening grid; verify in MARS before staking.
PLC-028,-108.7,-108.6,57.3,57.35,-108.65,57.325,0,0,,,0,0,0,0,0,,0,0,Spitfire,51.5,40,No active disposition bbox intersection in this screening grid; verify in MARS before staking.
PLC-029,-108.6,-108.5,57.3,57.35,-108.55,57.325,0,0,,,1,0,0,0,0,1109:Cache Lake Area Fe Occurrences,0,0,Spitfire,55.3,40,No active disposition bbox intersection in this screening grid; verify in MARS before staking.
PLC-030,-108.5,-108.45,57.3,57.35,-108.475,57.325,0,0,,,0,0,0,0,0,,0,0,Spitfire,58.4,40,No active disposition bbox intersection in this screening grid; verify in MARS before staking.
PLC-111,-109.4,-109.3,57.6,57.65,-109.35,57.625,5,0,,,2,2,1,0,5,4754:Drill hole CLU 12-79;5340:Triple R Deposit,104,0,Triple R,1.8,34,"Intersects active disposition bbox; only boundary slivers may be open, if any."
PLC-129,-109.1,-109,57.65,57.7,-109.05,57.675,6,0,,,4,2,0,0,12,1993:Drill hole DER-4;4740:Drill hole DER-45;4741:Drill hole DER-59;4742:Drill holes DER-60 & 61,104,0,Spitfire,7.5,26,"Intersects active disposition bbox; only boundary slivers may be open, if any."
PLC-127,-109.3,-109.2,57.65,57.7,-109.25,57.675,13,0,,,1,2,1,0,1,5332:Arrow Deposit,532,0,Arrow,0.2,22,"Intersects active disposition bbox; only boundary slivers may be open, if any."
PLC-128,-109.2,-109.1,57.65,57.7,-109.15,57.675,10,0,,,5,8,0,0,3,"4739:Drill holes PAT-04, -11,-13;4755:Drill hole CLU 16-79;5678:Spitfire Zone;5958:Drill hole RK-15-69;5959:Bow Target Area",124,0,Spitfire,2.5,22,"Intersects active disposition bbox; only boundary slivers may be open, if any."
PLC-080,-109.5,-109.4,57.5,57.55,-109.45,57.525,5,0,,,3,2,0,6,1,5852:Drill holes ALN14-008 & ALN14-009;5962:Rock sample 91454;5966:Rock sample 91463,11,0,Triple R,13.9,20.88,"Intersects active disposition bbox; only boundary slivers may be open, if any."
PLC-152,-109.8,-109.7,57.75,57.8,-109.75,57.775,8,0,,,2,2,0,4,0,5264:Drill hole GL-10-05;5265:Drill hole GL-10-06,13,0,Smart Lake,10.2,18.11,"Intersects active disposition bbox; only boundary slivers may be open, if any."
PLC-112,-109.3,-109.2,57.6,57.65,-109.25,57.625,11,0,,,2,2,0,0,2,4752:Drill hole CLU 2-78;5676:Drill holes RK-13-05 & RK-14-15,35,0,Arrow,5.3,18,"Intersects active disposition bbox; only boundary slivers may be open, if any."
PLC-143,-109.2,-109.1,57.7,57.75,-109.15,57.725,6,0,,,1,2,0,0,0,5515:Drill hole HK13-06,43,3,Spitfire,3.7,16,"Intersects active disposition bbox; only boundary slivers may be open, if any."
PLC-117,-108.8,-108.7,57.6,57.65,-108.75,57.625,4,0,,,2,2,0,0,7,4748:Sample MRIB 207;5847:Drill hole LAUR-13,16,0,Spitfire,26.2,14.67,"Intersects active disposition bbox; only boundary slivers may be open, if any."
PLC-095,-109.5,-109.4,57.55,57.6,-109.45,57.575,9,0,,,6,0,0,12,9,5672:Drill hole CW-01;5674:Drill hole CW-07;5675:Drill hole CW-09;5967:Drill hole CW-12;5968:Drill hole CW-13;5969:Drill hole CW-14,12,0,Triple R,9,7.52,"Intersects active disposition bbox; only boundary slivers may be open, if any."
PLC-131,-108.9,-108.8,57.65,57.7,-108.85,57.675,9,0,,,1,2,0,0,0,4738:Drill hole RS-07-14A,9,0,Spitfire,19.2,0.42,"Intersects active disposition bbox; only boundary slivers may be open, if any."
PLC-094,-109.6,-109.5,57.55,57.6,-109.55,57.575,6,0,,,4,0,0,8,6,"5673:Drill holes CW-05, CW-17 & CW-18;5679:Drill hole CW-16;5970:Drill hole CW-20;5973:Drill hole CW-20",7,0,Triple R,13.4,-0.36,"Intersects active disposition bbox; only boundary slivers may be open, if any."
PLC-181,-109.9,-109.8,57.85,57.9,-109.85,57.875,5,0,,,3,0,0,1,11,4758:Drill hole S-4;4759:Drill hole S-5;4760:Drill hole S-7,15,0,Smart Lake,7.1,-0.82,"Intersects active disposition bbox; only boundary slivers may be open, if any."
PLC-116,-108.9,-108.8,57.6,57.65,-108.85,57.625,8,0,,,2,0,2,0,5,3077:Drill hole HOO-01;3078:Drill hole HOO-03,8,0,Spitfire,20.6,-4.42,"Intersects active disposition bbox; only boundary slivers may be open, if any."
PLC-104,-108.6,-108.5,57.55,57.6,-108.55,57.575,6,0,,,1,0,0,3,4,5846:Drill hole MRR-05,19,0,Spitfire,39.3,-5.03,"Intersects active disposition bbox; only boundary slivers may be open, if any."
PLC-058,-108.7,-108.6,57.4,57.45,-108.65,57.425,4,5,MC00013968;MC00013970;MC00014519;MC00014557;MC00013808,CAT Strategic Metals Corporation: 100.000%,1,0,0,3,0,5668:Drill hole PN14004,6,0,Spitfire,43.1,-5.43,"Intersects active disposition bbox; only boundary slivers may be open, if any."
PLC-083,-109.2,-109.1,57.5,57.55,-109.15,57.525,3,0,,,2,0,0,3,4,5960:Drill hole CWW15-001;5961:Drill hole CWW15-003,3,0,Arrow,17.5,-5.91,"Intersects active disposition bbox; only boundary slivers may be open, if any."
PLC-069,-109.1,-109,57.45,57.5,-109.05,57.475,6,0,,,2,0,0,3,4,5671:Drill hole PN14009;5845:Drill hole PN15004,6,0,Arrow,25,-7.43,"Intersects active disposition bbox; only boundary slivers may be open, if any."
PLC-145,-109,-108.9,57.7,57.75,-108.95,57.725,6,0,,,2,0,0,0,10,4750:Drill hole K-2;4751:Drill hole K-8,18,0,Spitfire,13.6,-8.44,"Intersects active disposition bbox; only boundary slivers may be open, if any."
PLC-113,-109.2,-109.1,57.6,57.65,-109.15,57.625,14,0,,,1,0,0,0,5,4753:Drill hole CLU 3-78,9,0,Spitfire,7.8,-9.58,"Intersects active disposition bbox; only boundary slivers may be open, if any."
PLC-059,-108.6,-108.5,57.4,57.45,-108.55,57.425,5,0,,,3,0,0,8,11,5666:Drill hole PN14001;5667:Drill hole PN14003;5669:Drill hole PN14007,5,0,Spitfire,47.6,-14.67,"Intersects active disposition bbox; only boundary slivers may be open, if any."
PLC-067,-109.3,-109.2,57.45,57.5,-109.25,57.475,5,0,,,2,0,0,6,0,"5963:Rock samples 91458, 91460, 91461, 91462, 91465;5964:Rock sample 91464",7,0,Triple R,19.6,-16.36,"Intersects active disposition bbox; only boundary slivers may be open, if any."
PLC-099,-109.1,-109,57.55,57.6,-109.05,57.575,9,0,,,1,0,0,0,5,4756:Drill hole SAM 16,6,0,Spitfire,15.1,-16.43,"Intersects active disposition bbox; only boundary slivers may be open, if any."
PLC-196,-109.9,-109.8,57.9,57.95,-109.85,57.925,9,0,,,1,0,2,0,0,5513:Drill hole CSE10-02,6,0,Smart Lake,12.3,-16.43,"Intersects active disposition bbox; only boundary slivers may be open, if any."
PLC-070,-109,-108.9,57.45,57.5,-108.95,57.475,5,0,,,2,0,0,3,7,5664:Rock sample MKPNR005;5670:Drill hole PN14008,1,0,Spitfire,27.7,-17.45,"Intersects active disposition bbox; only boundary slivers may be open, if any."
PLC-055,-109,-108.9,57.4,57.45,-108.95,57.425,5,0,,,1,0,0,3,0,5844:Drill hole PN15003,13,0,Spitfire,32.7,-17.89,"Intersects active disposition bbox; only boundary slivers may be open, if any."
PLC-213,-109.7,-109.6,57.95,58,-109.65,57.975,5,0,,,1,0,0,2,0,4762:Drill hole BR5-2,9,0,JR Zone,17.8,-19.58,"Intersects active disposition bbox; only boundary slivers may be open, if any."
PLC-167,-109.8,-109.7,57.8,57.85,-109.75,57.825,9,0,,,1,0,0,1,0,5514:Drill hole GL-12-04,10,0,Smart Lake,9,-19.82,"Intersects active disposition bbox; only boundary slivers may be open, if any."
PLC-144,-109.1,-109,57.7,57.75,-109.05,57.725,6,0,,,0,0,0,0,0,,37,0,Spitfire,8,-20,"Intersects active disposition bbox; only boundary slivers may be open, if any."
PLC-228,-109.7,-109.6,58,58.05,-109.65,58.025,5,0,,,1,0,0,0,5,4764:Drill hole BR-8,8,0,JR Zone,23,-20.42,"Intersects active disposition bbox; only boundary slivers may be open, if any."
PLC-126,-109.4,-109.3,57.65,57.7,-109.35,57.675,10,0,,,1,0,0,1,0,5677:Drill hole RK-13-06,9,0,Triple R,3.9,-20.58,"Intersects active disposition bbox; only boundary slivers may be open, if any."
PLC-153,-109.7,-109.6,57.75,57.8,-109.65,57.775,9,0,,,1,0,0,1,0,5267:Drill hole GL-10-08,9,0,JR Zone,9.6,-20.58,"Intersects active disposition bbox; only boundary slivers may be open, if any."
PLC-199,-109.6,-109.5,57.9,57.95,-109.55,57.925,8,0,,,1,0,0,0,4,4763:Drill hole BR4-4A,2,0,JR Zone,10.7,-23.21,"Intersects active disposition bbox; only boundary slivers may be open, if any."
PLC-168,-109.7,-109.6,57.8,57.85,-109.65,57.825,7,0,,,1,0,0,1,0,5262:Drill hole GL-08-01,6,0,JR Zone,7.5,-23.43,"Intersects active disposition bbox; only boundary slivers may be open, if any."
PLC-170,-109.5,-109.4,57.8,57.85,-109.45,57.825,7,0,,,0,0,0,0,0,,12,0,JR Zone,4.4,-23.48,"Intersects active disposition bbox; only boundary slivers may be open, if any."
PLC-160,-109,-108.9,57.75,57.8,-108.95,57.775,7,0,,,0,0,0,0,0,,13,1,Spitfire,15.9,-24.89,"Intersects active disposition bbox; only boundary slivers may be open, if any."
PLC-159,-109.1,-109,57.75,57.8,-109.05,57.775,5,0,,,0,0,0,0,0,,7,3,Spitfire,11.5,-25.36,"Intersects active disposition bbox; only boundary slivers may be open, if any."
PLC-185,-109.5,-109.4,57.85,57.9,-109.45,57.875,4,0,,,0,0,0,0,0,,8,0,JR Zone,6.7,-26.42,"Intersects active disposition bbox; only boundary slivers may be open, if any."
PLC-098,-109.2,-109.1,57.55,57.6,-109.15,57.575,6,0,,,0,0,0,0,0,,13,0,Arrow,12.4,-26.89,"Intersects active disposition bbox; only boundary slivers may be open, if any."
PLC-151,-109.9,-109.8,57.75,57.8,-109.85,57.775,4,0,,,0,0,0,0,0,,7,0,Smart Lake,5.7,-27.36,"Intersects active disposition bbox; only boundary slivers may be open, if any."
PLC-079,-109.6,-109.5,57.5,57.55,-109.55,57.525,4,0,,,1,0,0,3,0,5965:Rock sample 91452,1,0,Triple R,17,-27.45,"Intersects active disposition bbox; only boundary slivers may be open, if any."
PLC-121,-109.9,-109.8,57.65,57.7,-109.85,57.675,4,0,,,0,0,0,0,0,,12,0,Smart Lake,16.2,-27.48,"Intersects active disposition bbox; only boundary slivers may be open, if any."
PLC-142,-109.3,-109.2,57.7,57.75,-109.25,57.725,5,0,,,0,0,0,0,0,,5,1,Arrow,5.8,-27.67,"Intersects active disposition bbox; only boundary slivers may be open, if any."
PLC-154,-109.6,-109.5,57.75,57.8,-109.55,57.775,9,0,,,1,0,0,1,0,5266:Drill hole GL-10-07,3,0,JR Zone,6.3,-27.91,"Intersects active disposition bbox; only boundary slivers may be open, if any."
PLC-089,-108.6,-108.5,57.5,57.55,-108.55,57.525,5,0,,,1,0,0,0,2,3079:Drill hole MIR-20,21,0,Spitfire,41.5,-28,"Intersects active disposition bbox; only boundary slivers may be open, if any."
PLC-256,-109.9,-109.8,58.1,58.15,-109.85,58.125,10,0,,,1,0,0,2,0,2142:Area 11 Yttrium Showing,5,0,Smart Lake,34.3,-29.67,"Intersects active disposition bbox; only boundary slivers may be open, if any."
PLC-140,-109.5,-109.4,57.7,57.75,-109.45,57.725,6,0,,,0,0,0,0,0,,8,0,Triple R,10.8,-30.42,"Intersects active disposition bbox; only boundary slivers may be open, if any."
PLC-105,-108.5,-108.45,57.55,57.6,-108.475,57.575,4,0,,,1,0,0,0,5,3076:Drill hole WOL-03,4,0,Spitfire,43.5,-31.12,"Intersects active disposition bbox; only boundary slivers may be open, if any."
PLC-125,-109.5,-109.4,57.65,57.7,-109.45,57.675,9,0,,,0,0,0,0,0,,4,0,Triple R,6.5,-31.12,"Intersects active disposition bbox; only boundary slivers may be open, if any."
PLC-141,-109.4,-109.3,57.7,57.75,-109.35,57.725,4,0,,,0,0,0,0,0,,4,0,Arrow,8.3,-31.12,"Intersects active disposition bbox; only boundary slivers may be open, if any."
PLC-166,-109.9,-109.8,57.8,57.85,-109.85,57.825,4,0,,,0,0,0,0,0,,4,0,Smart Lake,3.2,-31.12,"Intersects active disposition bbox; only boundary slivers may be open, if any."
PLC-231,-109.4,-109.3,58,58.05,-109.35,58.025,6,0,,,0,0,0,0,0,,13,0,JR Zone,24,-32.89,"Intersects active disposition bbox; only boundary slivers may be open, if any."
PLC-097,-109.3,-109.2,57.55,57.6,-109.25,57.575,8,0,,,0,0,0,0,0,,3,0,Triple R,9.9,-32.91,"Intersects active disposition bbox; only boundary slivers may be open, if any."
PLC-155,-109.5,-109.4,57.75,57.8,-109.45,57.775,7,0,,,0,0,0,0,0,,3,0,JR Zone,7.5,-32.91,"Intersects active disposition bbox; only boundary slivers may be open, if any."
PLC-183,-109.7,-109.6,57.85,57.9,-109.65,57.875,13,0,,,0,0,0,0,0,,3,0,JR Zone,9,-32.91,"Intersects active disposition bbox; only boundary slivers may be open, if any."
PLC-227,-109.8,-109.7,58,58.05,-109.75,58.025,7,0,,,0,0,0,0,0,,12,0,Smart Lake,24.7,-33.48,"Intersects active disposition bbox; only boundary slivers may be open, if any."
PLC-198,-109.7,-109.6,57.9,57.95,-109.65,57.925,6,0,,,1,0,0,0,0,5263:Drill hole GL-08-03,5,0,JR Zone,12.9,-33.67,"Intersects active disposition bbox; only boundary slivers may be open, if any."
PLC-212,-109.8,-109.7,57.95,58,-109.75,57.975,5,0,,,0,0,0,0,0,,5,0,Smart Lake,19.6,-33.67,"Intersects active disposition bbox; only boundary slivers may be open, if any."
PLC-246,-109.4,-109.3,58.05,58.1,-109.35,58.075,7,0,,,0,0,0,0,0,,8,1,JR Zone,29.1,-34.42,"Intersects active disposition bbox; only boundary slivers may be open, if any."
PLC-102,-108.8,-108.7,57.55,57.6,-108.75,57.575,7,0,,,0,0,0,0,0,,10,0,Spitfire,28.4,-34.82,"Intersects active disposition bbox; only boundary slivers may be open, if any."
PLC-041,-108.9,-108.8,57.35,57.4,-108.85,57.375,2,1,MC00014557,CAT Strategic Metals Corporation: 100.000%,2,0,0,3,0,1992:Drill hole KL-77-3;5663:Rock sample JBPNR008,0,1,Spitfire,40.3,-35,"Intersects active disposition bbox; only boundary slivers may be open, if any."
PLC-182,-109.8,-109.7,57.85,57.9,-109.75,57.875,11,0,,,0,0,0,0,0,,4,0,Smart Lake,11,-35.12,"Intersects active disposition bbox; only boundary slivers may be open, if any."
PLC-096,-109.4,-109.3,57.55,57.6,-109.35,57.575,8,0,,,0,0,0,0,0,,2,0,Triple R,7.3,-35.21,"Intersects active disposition bbox; only boundary slivers may be open, if any."
PLC-042,-108.8,-108.7,57.35,57.4,-108.75,57.375,1,3,MC00014519;MC00014557;MC00014560,CAT Strategic Metals Corporation: 100.000%,0,0,0,0,0,,0,0,Spitfire,43.5,-36,"Intersects active disposition bbox; only boundary slivers may be open, if any."
PLC-043,-108.7,-108.6,57.35,57.4,-108.65,57.375,1,6,MC00013968;MC00013969;MC00013970;MC00014519;MC00014557;MC00014560,CAT Strategic Metals Corporation: 100.000%,0,0,0,0,0,,0,0,Spitfire,47.2,-36,"Intersects active disposition bbox; only boundary slivers may be open, if any."
PLC-044,-108.6,-108.5,57.35,57.4,-108.55,57.375,2,3,MC00013969;MC00014560;MC00014561,CAT Strategic Metals Corporation: 100.000%,0,0,0,0,0,,0,0,Spitfire,51.3,-36,"Intersects active disposition bbox; only boundary slivers may be open, if any."
PLC-057,-108.8,-108.7,57.4,57.45,-108.75,57.425,2,3,MC00014519;MC00014557;MC00013808,CAT Strategic Metals Corporation: 100.000%,0,0,0,0,0,,0,0,Spitfire,39.1,-36,"Intersects active disposition bbox; only boundary slivers may be open, if any."
PLC-248,-109.2,-109.1,58.05,58.1,-109.15,58.075,3,3,MC00018574;MC00018575;MC00018584,F4 Uranium Corp.: 100.000%;CANALASKA URANIUM LTD.: 100.000%,0,0,0,0,0,,0,0,JR Zone,35.1,-36,"Intersects active disposition bbox; only boundary slivers may be open, if any."
PLC-254,-108.6,-108.5,58.05,58.1,-108.55,58.075,2,3,MC00018645;MC00018646;MC00018650,CANALASKA URANIUM LTD.: 100.000%;Jameila Grace Hope: 100.000%,0,0,0,0,0,,0,0,Spitfire,56.1,-36,"Intersects active disposition bbox; only boundary slivers may be open, if any."
PLC-255,-108.5,-108.45,58.05,58.1,-108.475,58.075,1,3,MC00018645;MC00018646;MC00018650,CANALASKA URANIUM LTD.: 100.000%;Jameila Grace Hope: 100.000%,0,0,0,0,0,,0,0,Spitfire,59.1,-36,"Intersects active disposition bbox; only boundary slivers may be open, if any."
PLC-262,-109.3,-109.2,58.1,58.15,-109.25,58.125,4,5,MC00018574;MC00018576;MC00018577;MC00018579;MC00018584,F4 Uranium Corp.: 100.000%;CANALASKA URANIUM LTD.: 100.000%;STANDARD URANIUM (SASKATCHEWAN)  LTD.: 100.000%,0,0,0,0,0,,0,0,JR Zone,36.6,-36,"Intersects active disposition bbox; only boundary slivers may be open, if any."
PLC-263,-109.2,-109.1,58.1,58.15,-109.15,58.125,1,7,MC00018573;MC00018574;MC00018575;MC00018576;MC00018577;MC00018579;MC00018584,STANDARD URANIUM (SASKATCHEWAN)  LTD.: 100.000%;F4 Uranium Corp.: 100.000%;CANALASKA URANIUM LTD.: 100.000%,0,0,0,0,0,,0,0,JR Zone,39.5,-36,"Intersects active disposition bbox; only boundary slivers may be open, if any."
PLC-192,-108.8,-108.7,57.85,57.9,-108.75,57.875,14,0,,,1,0,0,2,0,3265:Sample 7811-4031,1,1,Spitfire,32.1,-36.45,"Intersects active disposition bbox; only boundary slivers may be open, if any."
PLC-114,-109.1,-109,57.6,57.65,-109.05,57.625,11,0,,,0,0,0,0,0,,3,0,Spitfire,10.5,-36.91,"Intersects active disposition bbox; only boundary slivers may be open, if any."
PLC-122,-109.8,-109.7,57.65,57.7,-109.75,57.675,6,0,,,0,0,0,0,0,,3,0,Smart Lake,18.3,-36.91,"Intersects active disposition bbox; only boundary slivers may be open, if any."
PLC-146,-108.9,-108.8,57.7,57.75,-108.85,57.725,7,0,,,0,0,0,0,0,,3,0,Spitfire,19.4,-36.91,"Intersects active disposition bbox; only boundary slivers may be open, if any."
PLC-175,-109,-108.9,57.8,57.85,-108.95,57.825,8,0,,,0,0,0,0,0,,3,0,Spitfire,19.6,-36.91,"Intersects active disposition bbox; only boundary slivers may be open, if any."
PLC-074,-108.6,-108.5,57.45,57.5,-108.55,57.475,6,0,,,0,0,0,0,0,,16,0,Spitfire,44.3,-37.33,"Intersects active disposition bbox; only boundary slivers may be open, if any."
PLC-052,-109.3,-109.2,57.4,57.45,-109.25,57.425,7,0,,,0,0,0,0,0,,7,0,Triple R,24.9,-37.36,"Intersects active disposition bbox; only boundary slivers may be open, if any."
PLC-132,-108.8,-108.7,57.65,57.7,-108.75,57.675,8,0,,,0,0,0,0,0,,7,0,Spitfire,25.1,-37.36,"Intersects active disposition bbox; only boundary slivers may be open, if any."
PLC-261,-109.4,-109.3,58.1,58.15,-109.35,58.125,6,0,,,0,0,0,0,0,,5,1,JR Zone,34.4,-37.67,"Intersects active disposition bbox; only boundary slivers may be open, if any."
PLC-247,-109.3,-109.2,58.05,58.1,-109.25,58.075,5,2,MC00018574;MC00018584,F4 Uranium Corp.: 100.000%;CANALASKA URANIUM LTD.: 100.000%,0,0,0,0,0,,0,0,JR Zone,31.7,-38,"Intersects active disposition bbox; only boundary slivers may be open, if any."
PLC-107,-109.8,-109.7,57.6,57.65,-109.75,57.625,6,0,,,0,0,0,0,0,,6,0,Triple R,23.2,-38.43,"Intersects active disposition bbox; only boundary slivers may be open, if any."
PLC-162,-108.8,-108.7,57.75,57.8,-108.75,57.775,11,0,,,0,0,0,0,0,,6,0,Spitfire,26.6,-38.43,"Intersects active disposition bbox; only boundary slivers may be open, if any."
PLC-110,-109.5,-109.4,57.6,57.65,-109.45,57.625,5,0,,,0,0,0,0,0,,1,0,Triple R,5.5,-38.45,"Intersects active disposition bbox; only boundary slivers may be open, if any."
PLC-158,-109.2,-109.1,57.75,57.8,-109.15,57.775,6,0,,,0,0,0,0,0,,1,0,Spitfire,9.1,-38.45,"Intersects active disposition bbox; only boundary slivers may be open, if any."
PLC-222,-108.8,-108.7,57.95,58,-108.75,57.975,6,0,,,1,0,2,0,0,3075:Drill hole BL-08-01,1,0,Spitfire,40,-38.45,"Intersects active disposition bbox; only boundary slivers may be open, if any."
PLC-270,-108.5,-108.45,58.1,58.15,-108.475,58.125,2,2,MC00018645;MC00018646,CANALASKA URANIUM LTD.: 100.000%,0,0,0,0,0,,1,0,Spitfire,63.2,-38.45,"Intersects active disposition bbox; only boundary slivers may be open, if any."
PLC-072,-108.8,-108.7,57.45,57.5,-108.75,57.475,3,0,,,1,0,0,3,0,5662:Rock sample JBPNR004,0,0,Spitfire,35,-39,"Intersects active disposition bbox; only boundary slivers may be open, if any."
PLC-085,-109,-108.9,57.5,57.55,-108.95,57.525,7,0,,,1,0,0,3,0,5665:Rock samples MKPNR012 & 013,0,0,Spitfire,22.9,-39,"Intersects active disposition bbox; only boundary slivers may be open, if any."
PLC-241,-109.9,-109.8,58.05,58.1,-109.85,58.075,8,0,,,3,0,0,6,0,"2141:Area 10 Yttrium Showing;5627:Samples 8617, 8625, 8626, 45340;5628:Sample 45150",0,0,Smart Lake,28.7,-39,"Intersects active disposition bbox; only boundary slivers may be open, if any."
PLC-139,-109.6,-109.5,57.7,57.75,-109.55,57.725,5,0,,,0,0,0,0,0,,2,0,JR Zone,11.7,-39.21,"Intersects active disposition bbox; only boundary slivers may be open, if any."
PLC-201,-109.4,-109.3,57.9,57.95,-109.35,57.925,12,0,,,0,0,0,0,0,,2,0,JR Zone,14.8,-39.21,"Intersects active disposition bbox; only boundary slivers may be open, if any."
PLC-215,-109.5,-109.4,57.95,58,-109.45,57.975,8,0,,,0,0,0,0,0,,2,0,JR Zone,16.7,-39.21,"Intersects active disposition bbox; only boundary slivers may be open, if any."
PLC-191,-108.9,-108.8,57.85,57.9,-108.85,57.875,13,0,,,0,0,0,0,0,,5,0,Spitfire,27.7,-39.67,"Intersects active disposition bbox; only boundary slivers may be open, if any."
PLC-084,-109.1,-109,57.5,57.55,-109.05,57.525,6,0,,,1,0,0,0,2,4757:Drill hole SAM 17,1,0,Spitfire,20.1,-40.45,"Intersects active disposition bbox; only boundary slivers may be open, if any."
PLC-103,-108.7,-108.6,57.55,57.6,-108.65,57.575,9,0,,,0,0,0,0,0,,4,0,Spitfire,33.7,-41.12,"Intersects active disposition bbox; only boundary slivers may be open, if any."
PLC-161,-108.9,-108.8,57.75,57.8,-108.85,57.775,7,0,,,0,0,0,0,0,,4,0,Spitfire,21.1,-41.12,"Intersects active disposition bbox; only boundary slivers may be open, if any."
PLC-081,-109.4,-109.3,57.5,57.55,-109.35,57.525,4,0,,,0,0,0,0,0,,1,0,Triple R,12.8,-42.45,"Intersects active disposition bbox; only boundary slivers may be open, if any."
PLC-115,-109,-108.9,57.6,57.65,-108.95,57.625,10,0,,,0,0,0,0,0,,1,0,Spitfire,15.2,-42.45,"Intersects active disposition bbox; only boundary slivers may be open, if any."
PLC-130,-109,-108.9,57.65,57.7,-108.95,57.675,6,0,,,0,0,0,0,0,,1,0,Spitfire,13.3,-42.45,"Intersects active disposition bbox; only boundary slivers may be open, if any."
PLC-200,-109.5,-109.4,57.9,57.95,-109.45,57.925,5,0,,,0,0,0,0,0,,1,0,JR Zone,11.5,-42.45,"Intersects active disposition bbox; only boundary slivers may be open, if any."
PLC-214,-109.6,-109.5,57.95,58,-109.55,57.975,6,0,,,0,0,0,0,0,,1,0,JR Zone,16.2,-42.45,"Intersects active disposition bbox; only boundary slivers may be open, if any."
PLC-176,-108.9,-108.8,57.8,57.85,-108.85,57.825,11,0,,,0,0,0,0,0,,3,0,Spitfire,24,-42.91,"Intersects active disposition bbox; only boundary slivers may be open, if any."
PLC-056,-108.9,-108.8,57.4,57.45,-108.85,57.425,3,2,MC00014557;MC00013808,CAT Strategic Metals Corporation: 100.000%,0,0,0,0,0,,0,0,Spitfire,35.5,-44,"Intersects active disposition bbox; only boundary slivers may be open, if any."
PLC-172,-109.3,-109.2,57.8,57.85,-109.25,57.825,11,0,,,0,0,0,0,0,,0,2,Spitfire,15.3,-44,"Intersects active disposition bbox; only boundary slivers may be open, if any."
PLC-239,-108.6,-108.5,58,58.05,-108.55,58.025,4,2,MC00018646;MC00018650,CANALASKA URANIUM LTD.: 100.000%;Jameila Grace Hope: 100.000%,0,0,0,0,0,,0,0,Spitfire,52,-44,"Intersects active disposition bbox; only boundary slivers may be open, if any."
PLC-240,-108.5,-108.45,58,58.05,-108.475,58.025,2,2,MC00018646;MC00018650,CANALASKA URANIUM LTD.: 100.000%;Jameila Grace Hope: 100.000%,0,0,0,0,0,,0,0,Spitfire,55.3,-44,"Intersects active disposition bbox; only boundary slivers may be open, if any."
PLC-264,-109.1,-109,58.1,58.15,-109.05,58.125,4,2,MC00018557;MC00018575,Stallion Uranium Corp.: 100.000%;CANALASKA URANIUM LTD.: 100.000%,0,0,0,0,0,,0,0,JR Zone,43.1,-44,"Intersects active disposition bbox; only boundary slivers may be open, if any."
PLC-269,-108.6,-108.5,58.1,58.15,-108.55,58.125,2,2,MC00018645;MC00018646,CANALASKA URANIUM LTD.: 100.000%,0,0,0,0,0,,0,0,Spitfire,60.4,-44,"Intersects active disposition bbox; only boundary slivers may be open, if any."
PLC-088,-108.7,-108.6,57.5,57.55,-108.65,57.525,13,0,,,0,0,0,0,0,,6,0,Spitfire,36.3,-44.43,"Intersects active disposition bbox; only boundary slivers may be open, if any."
PLC-242,-109.8,-109.7,58.05,58.1,-109.75,58.075,9,0,,,0,0,0,0,0,,2,0,Smart Lake,30,-45.21,"Intersects active disposition bbox; only boundary slivers may be open, if any."
PLC-259,-109.6,-109.5,58.1,58.15,-109.55,58.125,4,0,,,0,0,0,0,0,,2,0,JR Zone,32.9,-45.21,"Intersects active disposition bbox; only boundary slivers may be open, if any."
PLC-156,-109.4,-109.3,57.75,57.8,-109.35,57.775,9,0,,,0,0,0,0,0,,0,1,JR Zone,12,-46,"Intersects active disposition bbox; only boundary slivers may be open, if any."
PLC-157,-109.3,-109.2,57.75,57.8,-109.25,57.775,9,0,,,0,0,0,0,0,,0,1,Spitfire,10.2,-46,"Intersects active disposition bbox; only boundary slivers may be open, if any."
PLC-171,-109.4,-109.3,57.8,57.85,-109.35,57.825,12,0,,,0,0,0,0,0,,0,1,JR Zone,10.3,-46,"Intersects active disposition bbox; only boundary slivers may be open, if any."
PLC-197,-109.8,-109.7,57.9,57.95,-109.75,57.925,7,0,,,0,0,0,0,0,,0,1,Smart Lake,14.9,-46,"Intersects active disposition bbox; only boundary slivers may be open, if any."
PLC-205,-109,-108.9,57.9,57.95,-108.95,57.925,7,1,MC00018676,MATTHEW J. MASON: 100.000%,0,0,0,0,0,,0,0,Spitfire,28.9,-46,"Intersects active disposition bbox; only boundary slivers may be open, if any."
PLC-206,-108.9,-108.8,57.9,57.95,-108.85,57.925,11,1,MC00018676,MATTHEW J. MASON: 100.000%,0,0,0,0,0,,0,0,Spitfire,32,-46,"Intersects active disposition bbox; only boundary slivers may be open, if any."
PLC-090,-108.5,-108.45,57.5,57.55,-108.475,57.525,4,0,,,0,0,0,0,0,,4,0,Spitfire,45.5,-47.12,"Intersects active disposition bbox; only boundary slivers may be open, if any."
PLC-065,-109.5,-109.4,57.45,57.5,-109.45,57.475,6,0,,,0,0,0,0,0,,0,0,Triple R,19.1,-48,"Intersects active disposition bbox; only boundary slivers may be open, if any."
PLC-066,-109.4,-109.3,57.45,57.5,-109.35,57.475,4,0,,,0,0,0,0,0,,0,0,Triple R,18.4,-48,"Intersects active disposition bbox; only boundary slivers may be open, if any."
PLC-082,-109.3,-109.2,57.5,57.55,-109.25,57.525,5,0,,,0,0,0,0,0,,0,0,Triple R,14.4,-48,"Intersects active disposition bbox; only boundary slivers may be open, if any."
PLC-093,-109.7,-109.6,57.55,57.6,-109.65,57.575,5,0,,,0,0,0,0,0,,0,0,Triple R,18.6,-48,"Intersects active disposition bbox; only boundary slivers may be open, if any."
PLC-100,-109,-108.9,57.55,57.6,-108.95,57.575,10,0,,,0,0,0,0,0,,0,0,Spitfire,18.7,-48,"Intersects active disposition bbox; only boundary slivers may be open, if any."
PLC-108,-109.7,-109.6,57.6,57.65,-109.65,57.625,5,0,,,0,0,0,0,0,,0,0,Triple R,17.2,-48,"Intersects active disposition bbox; only boundary slivers may be open, if any."
PLC-109,-109.6,-109.5,57.6,57.65,-109.55,57.625,3,0,,,0,0,0,0,0,,0,0,Triple R,11.3,-48,"Intersects active disposition bbox; only boundary slivers may be open, if any."
PLC-123,-109.7,-109.6,57.65,57.7,-109.65,57.675,6,0,,,0,0,0,0,0,,0,0,Triple R,17.6,-48,"Intersects active disposition bbox; only boundary slivers may be open, if any."
PLC-124,-109.6,-109.5,57.65,57.7,-109.55,57.675,6,0,,,0,0,0,0,0,,0,0,Triple R,11.8,-48,"Intersects active disposition bbox; only boundary slivers may be open, if any."
PLC-136,-109.9,-109.8,57.7,57.75,-109.85,57.725,8,0,,,0,0,0,0,0,,0,0,Smart Lake,10.8,-48,"Intersects active disposition bbox; only boundary slivers may be open, if any."
PLC-137,-109.8,-109.7,57.7,57.75,-109.75,57.725,7,0,,,0,0,0,0,0,,0,0,Smart Lake,13.7,-48,"Intersects active disposition bbox; only boundary slivers may be open, if any."
PLC-138,-109.7,-109.6,57.7,57.75,-109.65,57.725,6,0,,,0,0,0,0,0,,0,0,JR Zone,13.8,-48,"Intersects active disposition bbox; only boundary slivers may be open, if any."
PLC-173,-109.2,-109.1,57.8,57.85,-109.15,57.825,9,0,,,0,0,0,0,0,,0,0,Spitfire,14.6,-48,"Intersects active disposition bbox; only boundary slivers may be open, if any."
PLC-174,-109.1,-109,57.8,57.85,-109.05,57.825,6,0,,,0,0,0,0,0,,0,0,Spitfire,16.3,-48,"Intersects active disposition bbox; only boundary slivers may be open, if any."
PLC-186,-109.4,-109.3,57.85,57.9,-109.35,57.875,7,0,,,0,0,0,0,0,,0,0,JR Zone,11.5,-48,"Intersects active disposition bbox; only boundary slivers may be open, if any."
PLC-187,-109.3,-109.2,57.85,57.9,-109.25,57.875,5,0,,,0,0,0,0,0,,0,0,JR Zone,17,-48,"Intersects active disposition bbox; only boundary slivers may be open, if any."
PLC-202,-109.3,-109.2,57.9,57.95,-109.25,57.925,4,0,,,0,0,0,0,0,,0,0,JR Zone,19.4,-48,"Intersects active disposition bbox; only boundary slivers may be open, if any."
PLC-211,-109.9,-109.8,57.95,58,-109.85,57.975,5,0,,,0,0,0,0,0,,0,0,Smart Lake,17.7,-48,"Intersects active disposition bbox; only boundary slivers may be open, if any."
PLC-216,-109.4,-109.3,57.95,58,-109.35,57.975,9,0,,,0,0,0,0,0,,0,0,JR Zone,19.1,-48,"Intersects active disposition bbox; only boundary slivers may be open, if any."
PLC-034,-109.6,-109.5,57.35,57.4,-109.55,57.375,7,0,,,0,0,0,0,0,,1,0,Triple R,31.6,-48.45,"Intersects active disposition bbox; only boundary slivers may be open, if any."
PLC-037,-109.3,-109.2,57.35,57.4,-109.25,57.375,8,0,,,0,0,0,0,0,,1,0,Triple R,30.2,-48.45,"Intersects active disposition bbox; only boundary slivers may be open, if any."
PLC-048,-109.7,-109.6,57.4,57.45,-109.65,57.425,5,0,,,0,0,0,0,0,,1,0,Triple R,29.5,-48.45,"Intersects active disposition bbox; only boundary slivers may be open, if any."
PLC-061,-109.9,-109.8,57.45,57.5,-109.85,57.475,5,0,,,0,0,0,0,0,,1,0,Triple R,34.4,-48.45,"Intersects active disposition bbox; only boundary slivers may be open, if any."
PLC-078,-109.7,-109.6,57.5,57.55,-109.65,57.525,5,0,,,0,0,0,0,0,,1,0,Triple R,21.4,-48.45,"Intersects active disposition bbox; only boundary slivers may be open, if any."
PLC-101,-108.9,-108.8,57.55,57.6,-108.85,57.575,13,0,,,0,0,0,0,0,,1,0,Spitfire,23.3,-48.45,"Intersects active disposition bbox; only boundary slivers may be open, if any."
PLC-106,-109.9,-109.8,57.6,57.65,-109.85,57.625,5,0,,,0,0,0,0,0,,1,0,Smart Lake,21.7,-48.45,"Intersects active disposition bbox; only boundary slivers may be open, if any."
PLC-118,-108.7,-108.6,57.6,57.65,-108.65,57.625,4,0,,,0,0,0,0,0,,1,0,Spitfire,31.9,-48.45,"Intersects active disposition bbox; only boundary slivers may be open, if any."
PLC-133,-108.7,-108.6,57.65,57.7,-108.65,57.675,5,0,,,0,0,0,0,0,,1,0,Spitfire,31.1,-48.45,"Intersects active disposition bbox; only boundary slivers may be open, if any."
PLC-147,-108.8,-108.7,57.7,57.75,-108.75,57.725,10,0,,,0,0,0,0,0,,1,0,Spitfire,25.3,-48.45,"Intersects active disposition bbox; only boundary slivers may be open, if any."
PLC-229,-109.6,-109.5,58,58.05,-109.55,58.025,5,0,,,0,0,0,0,0,,1,0,JR Zone,21.8,-48.45,"Intersects active disposition bbox; only boundary slivers may be open, if any."
PLC-245,-109.5,-109.4,58.05,58.1,-109.45,58.075,6,0,,,0,0,0,0,0,,1,0,JR Zone,27.6,-48.45,"Intersects active disposition bbox; only boundary slivers may be open, if any."
PLC-178,-108.7,-108.6,57.8,57.85,-108.65,57.825,7,0,,,0,0,0,0,0,,0,2,Spitfire,34.2,-50,"Intersects active disposition bbox; only boundary slivers may be open, if any."
PLC-225,-108.5,-108.45,57.95,58,-108.475,57.975,2,1,MC00018650,Jameila Grace Hope: 100.000%,0,0,0,0,0,,0,1,Spitfire,51.7,-50,"Intersects active disposition bbox; only boundary slivers may be open, if any."
PLC-031,-109.9,-109.8,57.35,57.4,-109.85,57.375,2,0,,,0,0,0,0,0,,2,0,Triple R,41.5,-51.21,"Intersects active disposition bbox; only boundary slivers may be open, if any."
PLC-119,-108.6,-108.5,57.6,57.65,-108.55,57.625,6,0,,,0,0,0,0,0,,2,0,Spitfire,37.7,-51.21,"Intersects active disposition bbox; only boundary slivers may be open, if any."
PLC-150,-108.5,-108.45,57.7,57.75,-108.475,57.725,3,0,,,0,0,0,0,0,,2,0,Spitfire,41.5,-51.21,"Intersects active disposition bbox; only boundary slivers may be open, if any."
PLC-257,-109.8,-109.7,58.1,58.15,-109.75,58.125,8,0,,,0,0,0,0,0,,2,0,Smart Lake,35.3,-51.21,"Intersects active disposition bbox; only boundary slivers may be open, if any."
PLC-024,-109.1,-109,57.3,57.35,-109.05,57.325,6,0,,,0,0,0,0,0,,0,7,Triple R,39.7,-52,"Intersects active disposition bbox; only boundary slivers may be open, if any."
PLC-045,-108.5,-108.45,57.35,57.4,-108.475,57.375,2,1,MC00014561,CAT Strategic Metals Corporation: 100.000%,0,0,0,0,0,,0,0,Spitfire,54.6,-52,"Intersects active disposition bbox; only boundary slivers may be open, if any."
PLC-224,-108.6,-108.5,57.95,58,-108.55,57.975,5,1,MC00018650,Jameila Grace Hope: 100.000%,0,0,0,0,0,,0,0,Spitfire,48.3,-52,"Intersects active disposition bbox; only boundary slivers may be open, if any."
PLC-249,-109.1,-109,58.05,58.1,-109.05,58.075,3,1,MC00018575,CANALASKA URANIUM LTD.: 100.000%,0,0,0,0,0,,0,0,JR Zone,39.1,-52,"Intersects active disposition bbox; only boundary slivers may be open, if any."
PLC-179,-108.6,-108.5,57.8,57.85,-108.55,57.825,4,0,,,0,0,0,0,0,,1,1,Spitfire,39.6,-52.45,"Intersects active disposition bbox; only boundary slivers may be open, if any."
PLC-033,-109.7,-109.6,57.35,57.4,-109.65,57.375,13,0,,,0,0,0,0,0,,0,0,Triple R,34.2,-54,"Intersects active disposition bbox; only boundary slivers may be open, if any."
PLC-035,-109.5,-109.4,57.35,57.4,-109.45,57.375,13,0,,,0,0,0,0,0,,0,0,Triple R,30,-54,"Intersects active disposition bbox; only boundary slivers may be open, if any."
PLC-036,-109.4,-109.3,57.35,57.4,-109.35,57.375,7,0,,,0,0,0,0,0,,0,0,Triple R,29.5,-54,"Intersects active disposition bbox; only boundary slivers may be open, if any."
PLC-038,-109.2,-109.1,57.35,57.4,-109.15,57.375,7,0,,,0,0,0,0,0,,0,0,Triple R,32.1,-54,"Intersects active disposition bbox; only boundary slivers may be open, if any."
PLC-039,-109.1,-109,57.35,57.4,-109.05,57.375,8,0,,,0,0,0,0,0,,0,0,Triple R,34.9,-54,"Intersects active disposition bbox; only boundary slivers may be open, if any."
PLC-047,-109.8,-109.7,57.4,57.45,-109.75,57.425,6,0,,,0,0,0,0,0,,0,0,Triple R,33.3,-54,"Intersects active disposition bbox; only boundary slivers may be open, if any."
PLC-049,-109.6,-109.5,57.4,57.45,-109.55,57.425,6,0,,,0,0,0,0,0,,0,0,Triple R,26.4,-54,"Intersects active disposition bbox; only boundary slivers may be open, if any."
PLC-050,-109.5,-109.4,57.4,57.45,-109.45,57.425,8,0,,,0,0,0,0,0,,0,0,Triple R,24.5,-54,"Intersects active disposition bbox; only boundary slivers may be open, if any."
PLC-051,-109.4,-109.3,57.4,57.45,-109.35,57.425,7,0,,,0,0,0,0,0,,0,0,Triple R,23.9,-54,"Intersects active disposition bbox; only boundary slivers may be open, if any."
PLC-053,-109.2,-109.1,57.4,57.45,-109.15,57.425,4,0,,,0,0,0,0,0,,0,0,Triple R,27.1,-54,"Intersects active disposition bbox; only boundary slivers may be open, if any."
PLC-054,-109.1,-109,57.4,57.45,-109.05,57.425,7,0,,,0,0,0,0,0,,0,0,Arrow,30,-54,"Intersects active disposition bbox; only boundary slivers may be open, if any."
PLC-062,-109.8,-109.7,57.45,57.5,-109.75,57.475,6,0,,,0,0,0,0,0,,0,0,Triple R,29.6,-54,"Intersects active disposition bbox; only boundary slivers may be open, if any."
PLC-063,-109.7,-109.6,57.45,57.5,-109.65,57.475,4,0,,,0,0,0,0,0,,0,0,Triple R,25.2,-54,"Intersects active disposition bbox; only boundary slivers may be open, if any."
PLC-064,-109.6,-109.5,57.45,57.5,-109.55,57.475,6,0,,,0,0,0,0,0,,0,0,Triple R,21.5,-54,"Intersects active disposition bbox; only boundary slivers may be open, if any."
PLC-068,-109.2,-109.1,57.45,57.5,-109.15,57.475,5,0,,,0,0,0,0,0,,0,0,Triple R,22.3,-54,"Intersects active disposition bbox; only boundary slivers may be open, if any."
PLC-071,-108.9,-108.8,57.45,57.5,-108.85,57.475,4,0,,,0,0,0,0,0,,0,0,Spitfire,31,-54,"Intersects active disposition bbox; only boundary slivers may be open, if any."
PLC-076,-109.9,-109.8,57.5,57.55,-109.85,57.525,3,0,,,0,0,0,0,0,,0,0,Triple R,31.8,-54,"Intersects active disposition bbox; only boundary slivers may be open, if any."
PLC-077,-109.8,-109.7,57.5,57.55,-109.75,57.525,4,0,,,0,0,0,0,0,,0,0,Triple R,26.5,-54,"Intersects active disposition bbox; only boundary slivers may be open, if any."
PLC-086,-108.9,-108.8,57.5,57.55,-108.85,57.525,8,0,,,0,0,0,0,0,,0,0,Spitfire,26.8,-54,"Intersects active disposition bbox; only boundary slivers may be open, if any."
PLC-087,-108.8,-108.7,57.5,57.55,-108.75,57.525,5,0,,,0,0,0,0,0,,0,0,Spitfire,31.3,-54,"Intersects active disposition bbox; only boundary slivers may be open, if any."
PLC-091,-109.9,-109.8,57.55,57.6,-109.85,57.575,7,0,,,0,0,0,0,0,,0,0,Smart Lake,27.2,-54,"Intersects active disposition bbox; only boundary slivers may be open, if any."
PLC-092,-109.8,-109.7,57.55,57.6,-109.75,57.575,7,0,,,0,0,0,0,0,,0,0,Triple R,24.2,-54,"Intersects active disposition bbox; only boundary slivers may be open, if any."
PLC-148,-108.7,-108.6,57.7,57.75,-108.65,57.725,6,0,,,0,0,0,0,0,,0,0,Spitfire,31.2,-54,"Intersects active disposition bbox; only boundary slivers may be open, if any."
PLC-163,-108.7,-108.6,57.75,57.8,-108.65,57.775,7,0,,,0,0,0,0,0,,0,0,Spitfire,32.2,-54,"Intersects active disposition bbox; only boundary slivers may be open, if any."
PLC-177,-108.8,-108.7,57.8,57.85,-108.75,57.825,12,0,,,0,0,0,0,0,,0,0,Spitfire,28.9,-54,"Intersects active disposition bbox; only boundary slivers may be open, if any."
PLC-188,-109.2,-109.1,57.85,57.9,-109.15,57.875,3,0,,,0,0,0,0,0,,0,0,Spitfire,20.2,-54,"Intersects active disposition bbox; only boundary slivers may be open, if any."
PLC-189,-109.1,-109,57.85,57.9,-109.05,57.875,3,0,,,0,0,0,0,0,,0,0,Spitfire,21.4,-54,"Intersects active disposition bbox; only boundary slivers may be open, if any."
PLC-190,-109,-108.9,57.85,57.9,-108.95,57.875,14,0,,,0,0,0,0,0,,0,0,Spitfire,24,-54,"Intersects active disposition bbox; only boundary slivers may be open, if any."
PLC-194,-108.6,-108.5,57.85,57.9,-108.55,57.875,8,0,,,0,0,0,0,0,,0,3,Spitfire,42,-54,"Intersects active disposition bbox; only boundary slivers may be open, if any."
PLC-203,-109.2,-109.1,57.9,57.95,-109.15,57.925,2,0,,,0,0,0,0,0,,0,0,JR Zone,24.5,-54,"Intersects active disposition bbox; only boundary slivers may be open, if any."
PLC-204,-109.1,-109,57.9,57.95,-109.05,57.925,2,0,,,0,0,0,0,0,,0,0,Spitfire,26.7,-54,"Intersects active disposition bbox; only boundary slivers may be open, if any."
PLC-217,-109.3,-109.2,57.95,58,-109.25,57.975,4,0,,,0,0,0,0,0,,0,0,JR Zone,22.9,-54,"Intersects active disposition bbox; only boundary slivers may be open, if any."
PLC-218,-109.2,-109.1,57.95,58,-109.15,57.975,2,0,,,0,0,0,0,0,,0,0,JR Zone,27.4,-54,"Intersects active disposition bbox; only boundary slivers may be open, if any."
PLC-219,-109.1,-109,57.95,58,-109.05,57.975,2,0,,,0,0,0,0,0,,0,0,Spitfire,32.1,-54,"Intersects active disposition bbox; only boundary slivers may be open, if any."
PLC-220,-109,-108.9,57.95,58,-108.95,57.975,6,0,,,0,0,0,0,0,,0,0,Spitfire,33.9,-54,"Intersects active disposition bbox; only boundary slivers may be open, if any."
PLC-226,-109.9,-109.8,58,58.05,-109.85,58.025,4,0,,,0,0,0,0,0,,0,0,Smart Lake,23.2,-54,"Intersects active disposition bbox; only boundary slivers may be open, if any."
PLC-230,-109.5,-109.4,58,58.05,-109.45,58.025,6,0,,,0,0,0,0,0,,0,0,JR Zone,22.1,-54,"Intersects active disposition bbox; only boundary slivers may be open, if any."
PLC-232,-109.3,-109.2,58,58.05,-109.25,58.025,5,0,,,0,0,0,0,0,,0,0,JR Zone,27.1,-54,"Intersects active disposition bbox; only boundary slivers may be open, if any."
PLC-233,-109.2,-109.1,58,58.05,-109.15,58.025,3,0,,,0,0,0,0,0,,0,0,JR Zone,31,-54,"Intersects active disposition bbox; only boundary slivers may be open, if any."
PLC-243,-109.7,-109.6,58.05,58.1,-109.65,58.075,5,0,,,0,0,0,0,0,,0,0,JR Zone,28.3,-54,"Intersects active disposition bbox; only boundary slivers may be open, if any."
PLC-244,-109.6,-109.5,58.05,58.1,-109.55,58.075,6,0,,,0,0,0,0,0,,0,0,JR Zone,27.3,-54,"Intersects active disposition bbox; only boundary slivers may be open, if any."
PLC-258,-109.7,-109.6,58.1,58.15,-109.65,58.125,4,0,,,0,0,0,0,0,,0,0,JR Zone,33.7,-54,"Intersects active disposition bbox; only boundary slivers may be open, if any."
PLC-260,-109.5,-109.4,58.1,58.15,-109.45,58.125,5,0,,,0,0,0,0,0,,0,0,JR Zone,33.1,-54,"Intersects active disposition bbox; only boundary slivers may be open, if any."
PLC-006,-109.4,-109.3,57.25,57.3,-109.35,57.275,5,0,,,0,0,0,0,0,,1,0,Triple R,40.6,-54.45,"Intersects active disposition bbox; only boundary slivers may be open, if any."
PLC-018,-109.7,-109.6,57.3,57.35,-109.65,57.325,9,0,,,0,0,0,0,0,,1,0,Triple R,39.1,-54.45,"Intersects active disposition bbox; only boundary slivers may be open, if any."
PLC-019,-109.6,-109.5,57.3,57.35,-109.55,57.325,5,0,,,0,0,0,0,0,,1,0,Triple R,36.8,-54.45,"Intersects active disposition bbox; only boundary slivers may be open, if any."
PLC-023,-109.2,-109.1,57.3,57.35,-109.15,57.325,6,0,,,0,0,0,0,0,,1,0,Triple R,37.3,-54.45,"Intersects active disposition bbox; only boundary slivers may be open, if any."
PLC-120,-108.5,-108.45,57.6,57.65,-108.475,57.625,3,0,,,0,0,0,0,0,,1,0,Spitfire,42.1,-54.45,"Intersects active disposition bbox; only boundary slivers may be open, if any."
PLC-134,-108.6,-108.5,57.65,57.7,-108.55,57.675,5,0,,,0,0,0,0,0,,1,0,Spitfire,37,-54.45,"Intersects active disposition bbox; only boundary slivers may be open, if any."
PLC-252,-108.8,-108.7,58.05,58.1,-108.75,58.075,7,0,,,0,0,0,0,0,,1,0,Spitfire,49.2,-54.45,"Intersects active disposition bbox; only boundary slivers may be open, if any."
PLC-149,-108.6,-108.5,57.7,57.75,-108.55,57.725,6,0,,,0,0,0,0,0,,0,2,Spitfire,37.1,-56,"Intersects active disposition bbox; only boundary slivers may be open, if any."
PLC-193,-108.7,-108.6,57.85,57.9,-108.65,57.875,13,0,,,0,0,0,0,0,,0,1,Spitfire,36.9,-58,"Intersects active disposition bbox; only boundary slivers may be open, if any."
PLC-210,-108.5,-108.45,57.9,57.95,-108.475,57.925,4,0,,,0,0,0,0,0,,0,1,Spitfire,48.6,-58,"Intersects active disposition bbox; only boundary slivers may be open, if any."
PLC-002,-109.8,-109.7,57.25,57.3,-109.75,57.275,2,0,,,0,0,0,0,0,,0,0,Triple R,46.8,-60,"Intersects active disposition bbox; only boundary slivers may be open, if any."
PLC-003,-109.7,-109.6,57.25,57.3,-109.65,57.275,5,0,,,0,0,0,0,0,,0,0,Triple R,44.1,-60,"Intersects active disposition bbox; only boundary slivers may be open, if any."
PLC-004,-109.6,-109.5,57.25,57.3,-109.55,57.275,2,0,,,0,0,0,0,0,,0,0,Triple R,42.1,-60,"Intersects active disposition bbox; only boundary slivers may be open, if any."
PLC-005,-109.5,-109.4,57.25,57.3,-109.45,57.275,3,0,,,0,0,0,0,0,,0,0,Triple R,41,-60,"Intersects active disposition bbox; only boundary slivers may be open, if any."
PLC-007,-109.3,-109.2,57.25,57.3,-109.25,57.275,8,0,,,0,0,0,0,0,,0,0,Triple R,41.2,-60,"Intersects active disposition bbox; only boundary slivers may be open, if any."
PLC-008,-109.2,-109.1,57.25,57.3,-109.15,57.275,7,0,,,0,0,0,0,0,,0,0,Triple R,42.5,-60,"Intersects active disposition bbox; only boundary slivers may be open, if any."
PLC-009,-109.1,-109,57.25,57.3,-109.05,57.275,5,0,,,0,0,0,0,0,,0,0,Triple R,44.7,-60,"Intersects active disposition bbox; only boundary slivers may be open, if any."
PLC-017,-109.8,-109.7,57.3,57.35,-109.75,57.325,3,0,,,0,0,0,0,0,,0,0,Triple R,42,-60,"Intersects active disposition bbox; only boundary slivers may be open, if any."
PLC-020,-109.5,-109.4,57.3,57.35,-109.45,57.325,9,0,,,0,0,0,0,0,,0,0,Triple R,35.5,-60,"Intersects active disposition bbox; only boundary slivers may be open, if any."
PLC-021,-109.4,-109.3,57.3,57.35,-109.35,57.325,8,0,,,0,0,0,0,0,,0,0,Triple R,35.1,-60,"Intersects active disposition bbox; only boundary slivers may be open, if any."
PLC-022,-109.3,-109.2,57.3,57.35,-109.25,57.325,11,0,,,0,0,0,0,0,,0,0,Triple R,35.7,-60,"Intersects active disposition bbox; only boundary slivers may be open, if any."
PLC-025,-109,-108.9,57.3,57.35,-108.95,57.325,2,0,,,0,0,0,0,0,,0,0,Arrow,42.6,-60,"Intersects active disposition bbox; only boundary slivers may be open, if any."
PLC-032,-109.8,-109.7,57.35,57.4,-109.75,57.375,5,0,,,0,0,0,0,0,,0,0,Triple R,37.5,-60,"Intersects active disposition bbox; only boundary slivers may be open, if any."
PLC-040,-109,-108.9,57.35,57.4,-108.95,57.375,4,0,,,0,0,0,0,0,,0,0,Arrow,37.7,-60,"Intersects active disposition bbox; only boundary slivers may be open, if any."
PLC-046,-109.9,-109.8,57.4,57.45,-109.85,57.425,5,0,,,0,0,0,0,0,,0,0,Triple R,37.7,-60,"Intersects active disposition bbox; only boundary slivers may be open, if any."
PLC-060,-108.5,-108.45,57.4,57.45,-108.475,57.425,3,0,,,0,0,0,0,0,,0,0,Spitfire,51.2,-60,"Intersects active disposition bbox; only boundary slivers may be open, if any."
PLC-073,-108.7,-108.6,57.45,57.5,-108.65,57.475,8,0,,,0,0,0,0,0,,0,0,Spitfire,39.5,-60,"Intersects active disposition bbox; only boundary slivers may be open, if any."
PLC-075,-108.5,-108.45,57.45,57.5,-108.475,57.475,4,0,,,0,0,0,0,0,,0,0,Spitfire,48.1,-60,"Intersects active disposition bbox; only boundary slivers may be open, if any."
PLC-135,-108.5,-108.45,57.65,57.7,-108.475,57.675,2,0,,,0,0,0,0,0,,0,0,Spitfire,41.4,-60,"Intersects active disposition bbox; only boundary slivers may be open, if any."
PLC-164,-108.6,-108.5,57.75,57.8,-108.55,57.775,5,0,,,0,0,0,0,0,,0,0,Spitfire,38,-60,"Intersects active disposition bbox; only boundary slivers may be open, if any."
PLC-165,-108.5,-108.45,57.75,57.8,-108.475,57.775,1,0,,,0,0,0,0,0,,0,0,Spitfire,42.3,-60,"Intersects active disposition bbox; only boundary slivers may be open, if any."
PLC-180,-108.5,-108.45,57.8,57.85,-108.475,57.825,2,0,,,0,0,0,0,0,,0,0,Spitfire,43.8,-60,"Intersects active disposition bbox; only boundary slivers may be open, if any."
PLC-195,-108.5,-108.45,57.85,57.9,-108.475,57.875,3,0,,,0,0,0,0,0,,0,0,Spitfire,45.9,-60,"Intersects active disposition bbox; only boundary slivers may be open, if any."
PLC-207,-108.8,-108.7,57.9,57.95,-108.75,57.925,11,0,,,0,0,0,0,0,,0,0,Spitfire,35.8,-60,"Intersects active disposition bbox; only boundary slivers may be open, if any."
PLC-208,-108.7,-108.6,57.9,57.95,-108.65,57.925,5,0,,,0,0,0,0,0,,0,0,Spitfire,40.2,-60,"Intersects active disposition bbox; only boundary slivers may be open, if any."
PLC-209,-108.6,-108.5,57.9,57.95,-108.55,57.925,7,0,,,0,0,0,0,0,,0,0,Spitfire,44.9,-60,"Intersects active disposition bbox; only boundary slivers may be open, if any."
PLC-221,-108.9,-108.8,57.95,58,-108.85,57.975,7,0,,,0,0,0,0,0,,0,0,Spitfire,36.6,-60,"Intersects active disposition bbox; only boundary slivers may be open, if any."
PLC-223,-108.7,-108.6,57.95,58,-108.65,57.975,5,0,,,0,0,0,0,0,,0,0,Spitfire,43.9,-60,"Intersects active disposition bbox; only boundary slivers may be open, if any."
PLC-235,-109,-108.9,58,58.05,-108.95,58.025,4,0,,,0,0,0,0,0,,0,0,Spitfire,39.1,-60,"Intersects active disposition bbox; only boundary slivers may be open, if any."
PLC-236,-108.9,-108.8,58,58.05,-108.85,58.025,9,0,,,0,0,0,0,0,,0,0,Spitfire,41.4,-60,"Intersects active disposition bbox; only boundary slivers may be open, if any."
PLC-237,-108.8,-108.7,58,58.05,-108.75,58.025,5,0,,,0,0,0,0,0,,0,0,Spitfire,44.5,-60,"Intersects active disposition bbox; only boundary slivers may be open, if any."
PLC-238,-108.7,-108.6,58,58.05,-108.65,58.025,4,0,,,0,0,0,0,0,,0,0,Spitfire,48,-60,"Intersects active disposition bbox; only boundary slivers may be open, if any."
PLC-250,-109,-108.9,58.05,58.1,-108.95,58.075,3,0,,,0,0,0,0,0,,0,0,JR Zone,43.5,-60,"Intersects active disposition bbox; only boundary slivers may be open, if any."
PLC-251,-108.9,-108.8,58.05,58.1,-108.85,58.075,7,0,,,0,0,0,0,0,,0,0,Spitfire,46.4,-60,"Intersects active disposition bbox; only boundary slivers may be open, if any."
PLC-253,-108.7,-108.6,58.05,58.1,-108.65,58.075,3,0,,,0,0,0,0,0,,0,0,Spitfire,52.4,-60,"Intersects active disposition bbox; only boundary slivers may be open, if any."
PLC-265,-109,-108.9,58.1,58.15,-108.95,58.125,4,0,,,0,0,0,0,0,,0,0,JR Zone,47.2,-60,"Intersects active disposition bbox; only boundary slivers may be open, if any."
PLC-266,-108.9,-108.8,58.1,58.15,-108.85,58.125,4,0,,,0,0,0,0,0,,0,0,JR Zone,51.5,-60,"Intersects active disposition bbox; only boundary slivers may be open, if any."
PLC-267,-108.8,-108.7,58.1,58.15,-108.75,58.125,4,0,,,0,0,0,0,0,,0,0,Spitfire,54,-60,"Intersects active disposition bbox; only boundary slivers may be open, if any."
PLC-268,-108.7,-108.6,58.1,58.15,-108.65,58.125,4,0,,,0,0,0,0,0,,0,0,Spitfire,57,-60,"Intersects active disposition bbox; only boundary slivers may be open, if any."